leadId,createdAt,updatedAt,name,businessName,phone,callPhone,whatsappPhone,place,status,source,campaignName,adName,formName,assignedToName,assignedToEmail,interestScore,requirements,tags,failedCustomerAttempts,lastActivityAt,nextActionAt,nextActionLabel,lostReason,invalidReason,metaLeadId
6a87fdd23d49bdeec572cb1f,2026-08-21 12:57:14,2026-08-21 12:57:15,زين العابد,Nafco,1521556916,1521556916,1521556916,,FIRST_TOUCH_PENDING,META,,,,Akhila,akhila@groquik.com,,,HIGH_INTENT,0,2026-08-21 12:57:14,2026-08-21 13:12:14,Send WhatsApp details,,,918927041288513
6a8272d53d49bdeec572cb10,2026-08-17 08:02:53,2026-08-17 08:02:54,Faiz,,8138002778,8138002778,8138002778,,FIRST_TOUCH_PENDING,META,,,,Akhila,akhila@groquik.com,,,HIGH_INTENT,0,2026-08-17 08:02:54,2026-08-17 10:00:00,Send WhatsApp details,,,4421422741430920
6a7c516a3d49bdeec572caf1,2026-08-12 16:26:42,2026-08-12 16:27:27,Vimal Mohan,Vimal Mohan,9847542979,9847542979,9847542979,,CONTACTED,MANUAL,,,,Akhila,akhila@groquik.com,5,GOLD_SCHEME_CUSTOMER_ADMIN,,0,2026-08-12 16:27:27,2026-08-26 10:00:00,Follow up later,,,
6a7b06373d49bdeec572cae1,2026-08-11 16:53:35,2026-08-11 16:53:49,AL Sahd Ali,RIFAI GOLD,8606846651,8606846651,8606846651,,CONTACTED,MANUAL,,,,Akhila,akhila@groquik.com,5,GOLD_SCHEME_CUSTOMER_ADMIN,,0,2026-08-11 16:53:49,2026-08-12 10:00:00,Follow up later,,,
6a7b03a83d49bdeec572cad9,2026-08-11 16:42:40,2026-08-11 16:54:01,Calicut Gold,Calicut Gold,9895905240,9895905240,9895905240,,CONTACTED,MANUAL,,,,Akhila,akhila@groquik.com,5,GOLD_SCHEME_CUSTOMER_ADMIN,,0,2026-08-11 16:54:01,2026-08-12 10:00:00,Follow up later,,,
6a7af9923d49bdeec572cad1,2026-08-11 15:59:38,2026-08-11 15:59:42,Muhammed Faisal,Northern,9847942440,9847942440,9847942440,,WHATSAPP_SENT,MANUAL,,,,Akhila,akhila@groquik.com,,,,0,2026-08-11 15:59:42,2026-08-11 16:59:38,First call,,,
6a7af7753d49bdeec572cac9,2026-08-11 15:50:37,2026-08-11 15:50:42,Haris Padiyelil,,9037348916,9037348916,9037348916,,WHATSAPP_SENT,MANUAL,,,,Akhila,akhila@groquik.com,,,,0,2026-08-11 15:50:41,2026-08-11 16:50:37,First call,,,
6a7ab0443d49bdeec572ca62,2026-08-11 10:46:52,2026-08-13 11:59:22,Maneesh Benny,WRV Jewellery,8943448916,8943448916,8943448916,Palarivattom,FOLLOW_UP_PENDING,MANUAL,,,,Akhila,akhila@groquik.com,8,GOLD_SCHEME_CUSTOMER_ADMIN,HIGH_INTENT,0,2026-08-13 11:59:22,2026-08-15 10:00:00,Follow up after meeting,,,
6a7959383d49bdeec572ca4d,2026-08-10 10:23:12,2026-08-11 12:05:55,Jurail,Manjukumar Partner,8848482278,8848482278,8848482278,,CONTACTED,MANUAL,,,,Akhila,akhila@groquik.com,7,GOLD_SCHEME_CUSTOMER_ADMIN,HIGH_INTENT,0,2026-08-11 12:05:55,2026-08-12 10:00:00,Follow up later,,,
6a771f0c3d49bdeec572ca3d,2026-08-08 17:50:28,2026-08-10 10:22:08,Manjukumar,Minar,9446624678,9446624678,9446624678,,CONTACTED,MANUAL,,,,Akhila,akhila@groquik.com,6,GOLD_SCHEME_CUSTOMER_ADMIN,,0,2026-08-10 10:22:08,2026-08-11 10:00:00,Follow up later,,,
6a771e423d49bdeec572ca30,2026-08-08 17:47:06,2026-08-11 11:15:06,Sushanth Subhash,Babar n sons,9075420202,9075420202,9075420202,,MEETING_SCHEDULED,MANUAL,,,,Akhila,akhila@groquik.com,5,GOLD_SCHEME_CUSTOMER_ADMIN,,0,2026-08-11 11:15:06,2026-08-13 11:30:00,Meeting scheduled,,,
6a7719873d49bdeec572ca24,2026-08-08 17:26:55,2026-08-08 17:27:15,Sanal M A,Sivasakthi jwellery,9656084925,9656084925,9656084925,,CALLBACK_SCHEDULED,MANUAL,,,,Akhila,akhila@groquik.com,,,,0,2026-08-08 17:27:15,2026-08-11 10:27:00,Call back customer,,,
6a7717da3d49bdeec572ca18,2026-08-08 17:19:46,2026-08-13 12:19:07,Antony Jose,Aiswarya Gold,8075338239,8075338239,8075338239,,FOLLOW_UP_PENDING,MANUAL,,,,Akhila,akhila@groquik.com,7,GOLD_SCHEME_CUSTOMER_ADMIN,HIGH_INTENT,1,2026-08-13 12:19:07,2026-08-13 14:19:07,Retry follow-up call,,,
6a7713db3d49bdeec572ca0c,2026-08-08 17:02:43,2026-08-08 17:03:01,Mohammed Rafi,Aira Jewlery,9633797773,9633797773,9633797773,,CALLBACK_SCHEDULED,MANUAL,,,,Akhila,akhila@groquik.com,,,,0,2026-08-08 17:03:01,2026-08-10 10:02:00,Call back customer,,,
6a77069c3d49bdeec572ca00,2026-08-08 16:06:12,2026-08-11 10:37:35,Manithali jewllery,,9567747016,9567747016,9567747016,,CONTACTED,MANUAL,,,,Akhila,akhila@groquik.com,7,GOLD_SCHEME_CUSTOMER_ADMIN,HIGH_INTENT,0,2026-08-11 10:37:35,2026-08-15 10:00:00,Follow up later,,,
6a7702003d49bdeec572c9f0,2026-08-08 15:46:32,2026-08-08 15:47:15,Contractor,,9746543404,9746543404,9746543404,,CONTACTED,MANUAL,,,,Akhila,akhila@groquik.com,5,GOLD_SCHEME_CUSTOMER_ADMIN,,0,2026-08-08 15:47:15,2026-08-09 20:01:00,Follow up later,,,
6a7701363d49bdeec572c9e4,2026-08-08 15:43:10,2026-08-11 10:41:03,John Padinjath,,9447371095,9447371095,9447371095,,CONTACTED,MANUAL,,,,Akhila,akhila@groquik.com,5,GOLD_SCHEME_CUSTOMER_ADMIN,,0,2026-08-11 10:41:03,2026-08-14 10:00:00,Follow up later,,,
6a76fb113d49bdeec572c9d8,2026-08-08 15:16:57,2026-08-11 10:54:31,Shameer Noble,,9846200333,9846200333,9846200333,,CONTACTED,MANUAL,,,,Akhila,akhila@groquik.com,7,GOLD_SCHEME_CUSTOMER_ADMIN,HIGH_INTENT,0,2026-08-11 10:54:31,2026-08-14 10:00:00,Follow up later,,,
6a76f6aa3d49bdeec572c9c8,2026-08-08 14:58:10,2026-08-08 14:59:26,UBAIS SAINULABDEEN,,9544244333,9544244333,9544244333,,CALLBACK_SCHEDULED,MANUAL,,,,Akhila,akhila@groquik.com,,,,0,2026-08-08 14:59:26,2026-08-10 10:59:00,Call back customer,,,
6a76ebda3d49bdeec572c9b6,2026-08-08 14:12:02,2026-08-08 14:12:03,Mahesh ganava,Mahesh ganava,7014925894,7014925894,7014925894,,FIRST_TOUCH_PENDING,META,,,,Akhila,akhila@groquik.com,,,HIGH_INTENT,0,2026-08-08 14:12:02,2026-08-08 14:27:02,Send WhatsApp details,,,2352008882274759
6a7684273d49bdeec572c9a2,2026-08-08 06:49:35,2026-08-11 11:21:40,Sumesh Kallingal,Bussiness,9497380416,9497380416,9497380416,,CONTACTED,META,,,,Akhila,akhila@groquik.com,4,GOLD_SCHEME_CUSTOMER_ADMIN,HIGH_INTENT,0,2026-08-11 11:21:40,2026-08-25 10:00:00,Follow up later,,,1533146601371843
6a7600fa3d49bdeec572c999,2026-08-07 21:29:54,2026-08-07 21:29:54,<test lead: dummy data for full_name>,<test lead: dummy data for company_name>,,,,,FIRST_TOUCH_PENDING,META,,,,Akhila,akhila@groquik.com,,,HIGH_INTENT,0,2026-08-07 21:29:54,2026-08-08 10:00:00,Send WhatsApp details,,,1046310477890640
6a75b4993d49bdeec572c982,2026-08-07 16:04:01,2026-08-11 12:33:01,,Rajadhani Jewllers,9446253905,9446253905,9446253905,,FOLLOW_UP_PENDING,MANUAL,,,,Akhila,akhila@groquik.com,6,GOLD_SCHEME_CUSTOMER_ADMIN,,1,2026-08-11 12:33:01,2026-08-11 14:33:01,Retry follow-up call,,,
6a7378913d49bdeec572c90b,2026-08-05 23:23:21,2026-08-06 16:36:33,Hadee Hvt,VTS MALL,9946288166,9946288166,9946288166,,FOLLOW_UP_PENDING,META,,,,Akhila,akhila@groquik.com,,,HIGH_INTENT,0,2026-08-06 16:36:33,2026-09-05 10:00:00,Nurture follow-up,,,3276376789201627
6a7313513d49bdeec572c8b7,2026-08-05 16:11:21,2026-08-11 11:29:46,Akash Raveendran,,8075178377,8075178377,8075178377,,CONTACTED,MANUAL,,,,Akhila,akhila@groquik.com,8,GOLD_SCHEME_CUSTOMER_ADMIN,HIGH_INTENT,0,2026-08-11 11:29:46,2026-08-14 10:00:00,Follow up for quote confirmation,,,
6a7286573d49bdeec572c85c,2026-08-05 06:09:51,2026-08-11 12:43:29,Suhaib K K Kunnamangalam,my own business,9847127772,9847127772,9847127772,,CONTACTED,META,,,,Akhila,akhila@groquik.com,7,GOLD_SCHEME_CUSTOMER_ADMIN,HIGH_INTENT,0,2026-08-11 12:43:29,2026-08-15 10:00:00,Follow up later,,,2577263072720944
6a7239583d49bdeec572c853,2026-08-05 00:41:20,2026-08-07 14:59:25,Sunilbabu Cholakkal,ERNAD exports and imports spc shj,8848646868,1559602106,8848646868,,CONTACTED,META,,,,Akhila,akhila@groquik.com,5,GOLD_SCHEME_CUSTOMER_ADMIN,HIGH_INTENT,0,2026-08-07 14:59:25,2026-08-10 10:00:00,Follow up later,,,2581788338941467
6a7238dd3d49bdeec572c84a,2026-08-05 00:39:17,2026-08-13 11:21:38,Diljith Dilzz,Habun properties llp,7561005999,7561005999,7561005999,,MEETING_SCHEDULED,META,,,,Akhila,akhila@groquik.com,8,GOLD_SCHEME_CUSTOMER_ADMIN,HIGH_INTENT,0,2026-08-13 11:21:38,2026-08-17 10:10:00,Meeting scheduled,,,1617399089919099
6a722a2e3d49bdeec572c841,2026-08-04 23:36:38,2026-08-07 15:12:40,Shahabas | Business Consultant,asap,7511150035,7511150035,7511150035,,CALLBACK_SCHEDULED,META,,,,Akhila,akhila@groquik.com,5,GOLD_SCHEME_CUSTOMER_ADMIN,HIGH_INTENT,0,2026-08-07 15:12:39,2026-08-10 16:12:00,Call back customer,,,1346201247675151
6a7229833d49bdeec572c838,2026-08-04 23:33:47,2026-08-06 17:07:18,Saajid Jarathingal,Business,9496838899,9496838899,9496838899,,CONTACTED,META,,,,Akhila,akhila@groquik.com,4,GOLD_SCHEME_CUSTOMER_ADMIN,HIGH_INTENT,0,2026-08-06 17:07:18,2026-08-10 10:00:00,Follow up later,,,1066809175730992
6a721a6f3d49bdeec572c82f,2026-08-04 22:29:27,2026-08-05 16:22:45,MA.Abdulraheem,M. Abdulraheem,9448855916,9448855916,9448855916,,CONTACTED,META,,,,Akhila,akhila@groquik.com,5,GOLD_SCHEME_CUSTOMER_ADMIN,HIGH_INTENT,0,2026-08-05 16:22:45,2026-08-10 10:00:00,Follow up later,,,1011578581871902
6a71b33af75876e4de5c6f02,2026-08-04 15:09:06,2026-08-04 16:29:59,Das thevermadam,Lottas,9633007888,9633007888,9633007888,,FOLLOW_UP_PENDING,META,,,,Akhila,akhila@groquik.com,,,HIGH_INTENT,0,2026-08-04 16:29:59,2026-09-03 10:00:00,Nurture follow-up,,,1012299684748353
6a718e09f75876e4de5c6ed8,2026-08-04 12:30:25,2026-08-05 11:14:19,ATLAS GOLD&DIAMONDS CHERUVATHUR,,9567753382,9567753382,9567753382,,FOLLOW_UP_PENDING,META,,,,Akhila,akhila@groquik.com,7,GOLD_SCHEME_CUSTOMER_ADMIN,HIGH_INTENT,2,2026-08-05 11:14:19,2026-08-05 19:30:00,Retry follow-up call,,,4385668928313429
6a71701bf75876e4de5c6eaa,2026-08-04 10:22:43,2026-08-11 12:17:00,Shafeeque,Apostrofo,9846366783,9846366783,9846366783,,FOLLOW_UP_PENDING,META,,,,Akhila,akhila@groquik.com,5,GOLD_SCHEME_CUSTOMER_ADMIN,HIGH_INTENT,2,2026-08-11 12:17:00,2026-08-11 19:30:00,Retry follow-up call,,,1258576182965662
6a714e46f75876e4de5c6ea1,2026-08-04 07:58:22,2026-08-06 16:53:13,Riyas Vanimal,Gold souk Kuttiadi,9747000301,9747000301,9747000301,,CONTACTED,META,,,,Akhila,akhila@groquik.com,6,GOLD_SCHEME_CUSTOMER_ADMIN,HIGH_INTENT,0,2026-08-06 16:53:13,2026-08-06 20:07:00,Follow up later,,,38375220108731836
6a713ba0f75876e4de5c6e98,2026-08-04 06:38:48,2026-08-05 16:08:03,Sakeer Hussain,rolex jewellery,9447300340,9447300340,9447300340,,CONTACTED,META,,,,Akhila,akhila@groquik.com,7,GOLD_SCHEME_CUSTOMER_ADMIN,HIGH_INTENT,0,2026-08-05 16:08:03,2026-08-11 10:00:00,Follow up later,,,1749318329824436
6a70d16df75876e4de5c6e8f,2026-08-03 23:05:41,2026-08-11 12:37:00,Ashraf Pappy,Rajadhani Jewls,9895191307,9895191307,9895191307,,FOLLOW_UP_PENDING,META,,,,Akhila,akhila@groquik.com,7,GOLD_SCHEME_CUSTOMER_ADMIN,HIGH_INTENT,1,2026-08-11 12:37:00,2026-08-11 14:37:00,Retry follow-up call,,,1576422447541011
6a704d65f75876e4de5c6e60,2026-08-03 13:42:21,2026-08-05 16:46:03,Tony Manuel,Stellantis North America,7025765264,7025765264,7025765264,,FOLLOW_UP_PENDING,META,,,,Akhila,akhila@groquik.com,6,GOLD_SCHEME_CUSTOMER_ADMIN,HIGH_INTENT,1,2026-08-05 16:46:02,2026-09-04 10:00:00,Nurture follow-up,,,1578452103813830
6a703bebf75876e4de5c6e57,2026-08-03 12:27:47,2026-08-04 17:48:22,<test lead: dummy data for full_name>,<test lead: dummy data for company_name>,,,,,LOST,META,,,,Akhila,akhila@groquik.com,,,HIGH_INTENT,0,2026-08-04 17:48:22,,,NOT_REQUIRED_NOW,,889212940501344
6a703b23f75876e4de5c6e4e,2026-08-03 12:24:27,2026-08-04 16:54:19,<test lead: dummy data for full_name>,<test lead: dummy data for company_name>,,,,,LOST,META,,,,Akhila,akhila@groquik.com,,,HIGH_INTENT,0,2026-08-04 16:54:19,,,NOT_REQUIRED_NOW,,1415465167122838
6a6c6d5bf75876e4de5c6df2,2026-07-31 15:09:39,2026-08-05 15:26:03,Muhammed Shafi,Azzet Gold,9567487563,9567487563,9567487563,,CONTACTED,MANUAL,,,,Akhila,akhila@groquik.com,5,GOLD_SCHEME_CUSTOMER_ADMIN,,0,2026-08-05 15:26:03,2026-09-05 10:00:00,Follow up later,,,
6a6c6910f75876e4de5c6de6,2026-07-31 14:51:20,2026-08-11 12:22:10,Shaheer CP,CP Gold and Diamonds,9074912277,9074912277,9074912277,,FOLLOW_UP_PENDING,MANUAL,,,,Akhila,akhila@groquik.com,7,GOLD_SCHEME_CUSTOMER_ADMIN,HIGH_INTENT,2,2026-08-11 12:22:10,2026-08-11 19:30:00,Retry follow-up call,,,
6a6c672af75876e4de5c6dda,2026-07-31 14:43:14,2026-08-11 12:10:24,Jamsheed Cholayil,Shine Gold,9567516848,9567516848,9567516848,,CONTACTED,MANUAL,,,,Akhila,akhila@groquik.com,5,GOLD_SCHEME_CUSTOMER_ADMIN,,0,2026-08-11 12:10:24,2026-08-15 10:00:00,Follow up later,,,
6a6c5eadf75876e4de5c6dce,2026-07-31 14:07:01,2026-08-07 15:05:25,Jafar C,Eranad Chits,9846027618,9846027618,9846027618,,CONTACTED,MANUAL,,,,Akhila,akhila@groquik.com,5,GOLD_SCHEME_CUSTOMER_ADMIN,,0,2026-08-07 15:05:25,2026-08-13 10:00:00,Follow up later,,,
6a6c5b0bf75876e4de5c6dc2,2026-07-31 13:51:31,2026-08-05 16:26:19,Arun Kumar,Goldind / Disgold,9495005256,9495005256,9495005256,,FOLLOW_UP_PENDING,MANUAL,,,,Akhila,akhila@groquik.com,5,GOLD_SCHEME_CUSTOMER_ADMIN,,2,2026-08-05 16:26:19,2026-08-20 10:00:00,Nurture follow-up,,,
6a6b296df75876e4de5c6d96,2026-07-30 16:07:33,2026-08-17 09:41:55,Haneesh,Bombay gold(fathah),9747119933,8137973740,8137973740,,FOLLOW_UP_PENDING,MANUAL,,,,Akhila,akhila@groquik.com,7,GOLD_SCHEME_CUSTOMER_ADMIN,HIGH_INTENT,4,2026-08-17 09:41:55,2026-08-17 19:30:00,Retry follow-up call,,,
6a6b0285f75876e4de5c6d85,2026-07-30 13:21:33,2026-08-11 11:00:30,Hari Krishnan,Manappuram,9747793064,9747793064,9747793064,,CONTACTED,MANUAL,,,,Akhila,akhila@groquik.com,7,GOLD_SCHEME_CUSTOMER_ADMIN,HIGH_INTENT,0,2026-08-11 11:00:30,2026-08-12 10:00:00,Follow up later,,,
6a6afae2f75876e4de5c6d6e,2026-07-30 12:48:58,2026-08-13 11:50:16,Paul Jose,,6238550036,6238550036,6238550036,,CONTACTED,MANUAL,,,,Akhila,akhila@groquik.com,7,GOLD_SCHEME_CUSTOMER_ADMIN,HIGH_INTENT,0,2026-08-13 11:50:16,2026-08-20 10:00:00,Follow up later,,,
6a6aadc4f75876e4de5c6d61,2026-07-30 07:19:56,2026-08-05 17:13:45,subash kakkatt,lifetime,9072003006,9072003006,9072003006,,LOST,META,,,,Akhila,akhila@groquik.com,,,HIGH_INTENT,0,2026-08-05 17:13:45,,,NOT_REQUIRED_NOW,,2217476549102322
6a69c679f75876e4de5c6d55,2026-07-29 14:53:05,2026-08-11 12:50:10,Mafaz,Quran Application,8307000030,8307000030,8307000030,,CONTACTED,MANUAL,,,,Akhila,akhila@groquik.com,7,GOLD_SCHEME_CUSTOMER_ADMIN,HIGH_INTENT,0,2026-08-11 12:50:10,2026-08-11 17:30:00,Follow up later,,,
6a69b3f7f75876e4de5c6d4c,2026-07-29 13:34:07,2026-08-04 16:54:40,<test lead: dummy data for full_name>,<test lead: dummy data for company_name>,,,,,LOST,META,,,,Akhila,akhila@groquik.com,,,HIGH_INTENT,0,2026-08-04 16:54:40,,,NOT_REQUIRED_NOW,,1018329231100826
6a687a39f75876e4de5c6d3c,2026-07-28 15:15:29,2026-08-07 15:50:43,Rashid K V,,9946000525,9946000525,9946000525,,FOLLOW_UP_PENDING,MANUAL,,,,Akhila,akhila@groquik.com,7,GOLD_SCHEME_CUSTOMER_ADMIN,HIGH_INTENT,1,2026-08-07 15:50:43,2026-08-07 17:50:43,Retry follow-up call,,,
6a687881f75876e4de5c6d2e,2026-07-28 15:08:09,2026-08-11 11:11:01,Jithesh TM,Difob traders,9947680142,9947680142,9947680142,,FOLLOW_UP_PENDING,MANUAL,,,,Akhila,akhila@groquik.com,7,GOLD_SCHEME_CUSTOMER_ADMIN,HIGH_INTENT,4,2026-08-11 11:11:01,2026-08-11 19:30:00,Retry follow-up call,,,
6a6877c5f75876e4de5c6d22,2026-07-28 15:05:01,2026-08-13 12:27:22,Muhammed Ali panackal,,9961794228,9961794228,9961794228,,FOLLOW_UP_PENDING,MANUAL,,,,Akhila,akhila@groquik.com,7,GOLD_SCHEME_CUSTOMER_ADMIN,HIGH_INTENT,1,2026-08-13 12:27:22,2026-08-13 14:27:22,Retry follow-up call,,,
6a686a79f75876e4de5c6d07,2026-07-28 14:08:17,2026-08-11 15:34:49,Salim Rajadhani,,9495001916,9495001916,9495001916,,FOLLOW_UP_PENDING,MANUAL,,,,Akhila,akhila@groquik.com,7,GOLD_SCHEME_CUSTOMER_ADMIN,HIGH_INTENT,3,2026-08-11 15:34:49,2026-08-12 10:00:00,Retry follow-up call,,,
6a68515cf75876e4de5c6cef,2026-07-28 12:21:09,2026-08-05 17:09:31,Jackson Thaliyapparabil Devassy,,9048760395,9048760395,9048760395,,LOST,META,,,,Akhila,akhila@groquik.com,7,GOLD_SCHEME_CUSTOMER_ADMIN,HIGH_INTENT,0,2026-08-05 17:09:31,,,NOT_TARGET_MARKET,,1531090471458731
6a674459f75876e4de5c6ce5,2026-07-27 17:13:21,2026-08-04 18:36:19,Cmm Chb,Brit elite jew,7339667954,7339667954,7339667954,,INVALID,META,,,,Akhila,akhila@groquik.com,,,HIGH_INTENT; NUMBER_NOT_AVAILABLE,0,2026-08-04 18:36:19,,,,Number not available,1073717765083114
6a671d54f75876e4de5c6cdc,2026-07-27 14:26:52,2026-08-06 16:30:03,Faisal Varavath,Self-Employed,9447942763,9447942763,9447942763,,FOLLOW_UP_PENDING,META,,,,Akhila,akhila@groquik.com,5,GOLD_SCHEME_CUSTOMER_ADMIN,HIGH_INTENT,1,2026-08-06 16:30:03,2026-08-06 18:30:03,Retry follow-up call,,,1893869391798473
6a663d2bf75876e4de5c6cac,2026-07-26 22:30:27,2026-08-05 16:30:44,Abdul Rahiman TE,Kairali Jewellers,9946803444,9946803444,9946803444,,CALLBACK_SCHEDULED,MANUAL,,,,Akhila,akhila@groquik.com,10,GOLD_SCHEME_CUSTOMER_ADMIN,HIGH_INTENT,0,2026-08-05 16:30:44,2026-08-10 17:30:00,Call back customer,,,
6a663b96f75876e4de5c6c91,2026-07-26 22:23:42,2026-08-08 14:36:29,Sanjay,Zayraa Gold and Diamonds / RRJ,8593938700,8593938700,8593938700,,CONTACTED,MANUAL,,,,Akhila,akhila@groquik.com,9,GOLD_SCHEME_CUSTOMER_ADMIN,HIGH_INTENT,0,2026-08-08 14:36:29,2026-07-29 10:00:00,Collect advance payment,,,
6a663b0cf75876e4de5c6c83,2026-07-26 22:21:24,2026-08-11 12:14:50,Sairaj PR,Elixr,7012288794,7012288794,7012288794,,FOLLOW_UP_PENDING,MANUAL,,,,Akhila,akhila@groquik.com,8,GOLD_SCHEME_CUSTOMER_ADMIN,HIGH_INTENT,2,2026-08-11 12:14:50,2026-07-29 10:00:00,Mockup due,,,
6a663830f75876e4de5c6c77,2026-07-26 22:09:12,2026-08-17 09:45:04,Yasir C,Rajadhani Gold / Atlas Gold,7306997373,7306997373,7306997373,,CONTACTED,MANUAL,,,,Akhila,akhila@groquik.com,8,GOLD_SCHEME_CUSTOMER_ADMIN,HIGH_INTENT,0,2026-08-17 09:45:04,2026-08-24 10:00:00,Follow up later,,,
6a662f72f75876e4de5c6c65,2026-07-26 21:31:54,2026-08-06 17:32:17,shibin,Homesy One Four Builders,9744501603,9744501603,9744501603,,FOLLOW_UP_PENDING,META,,,,Akhila,akhila@groquik.com,,,HIGH_INTENT,4,2026-08-06 17:32:17,2026-08-06 19:30:00,Retry follow-up call,,,1733121567733339
6a6613b2f75876e4de5c6c5c,2026-07-26 19:33:30,2026-08-04 16:53:36,Sulthana Jewellery,Sulthana jewellery,9495164201,9495164201,9495164201,,FOLLOW_UP_PENDING,META,,,,Akhila,akhila@groquik.com,,,HIGH_INTENT,0,2026-08-04 16:53:36,2026-11-02 10:00:00,Nurture follow-up,,,1230148835855602
6a65e1fef75876e4de5c6c53,2026-07-26 16:01:26,2026-08-07 15:58:31,Ubaid Kottakkal,Hayra Gold & Diamonds,7034985916,7034985916,7034985916,,CALLBACK_SCHEDULED,META,,,,Akhila,akhila@groquik.com,,,HIGH_INTENT,1,2026-08-07 15:58:31,2026-08-08 10:00:00,Call back customer,,,1066235426055189
6a65c750f75876e4de5c6c4a,2026-07-26 14:07:36,2026-08-08 14:47:05,Niyas Bin Sideeque,Bussiness,9074938043,9074938043,9074938043,,CONTACTED,META,,,,Akhila,akhila@groquik.com,7,GOLD_SCHEME_CUSTOMER_ADMIN,HIGH_INTENT,0,2026-08-08 14:47:05,2026-08-10 10:00:00,Follow up later,,,1743646249992091
6a649260f75876e4de5c6c10,2026-07-25 16:09:28,2026-08-12 17:54:58,Shafeek,sha group,9895309598,9895309598,9895309598,,CONTACTED,MANUAL,,,,Akhila,akhila@groquik.com,8,GOLD_SCHEME_CUSTOMER_ADMIN,HIGH_INTENT,0,2026-08-12 17:54:58,2026-08-13 10:00:00,Call customer again,,,
6a647d4df75876e4de5c6bff,2026-07-25 14:39:33,2026-08-04 18:03:34,Nibraz,,8089094637,8089094637,8089094637,,LOST,META,,,,Akhila,akhila@groquik.com,3,GOLD_SCHEME_CUSTOMER_ADMIN,HIGH_INTENT; LOW_INTENT,0,2026-08-04 18:03:34,,,NOT_REQUIRED_NOW,,1841469817234509
6a6478c8f75876e4de5c6bf6,2026-07-25 14:20:16,2026-08-04 18:01:10,Ajeez Ahammad,Malabar Gold and Diamonds,9037432950,9037432950,9037432950,,LOST,META,,,,Akhila,akhila@groquik.com,5,GOLD_SCHEME_CUSTOMER_ADMIN,HIGH_INTENT,0,2026-08-04 18:01:10,,,NOT_REQUIRED_NOW,,1541342524126540
6a64699bf75876e4de5c6bed,2026-07-25 13:15:31,2026-08-11 11:54:24,Mubarak kalathingal,KTL,9747345037,9747345037,9747345037,,FOLLOW_UP_PENDING,META,,,,Akhila,akhila@groquik.com,,,HIGH_INTENT,4,2026-08-11 11:54:24,2026-08-11 19:30:00,Retry follow-up call,,,1002278975978553
6a6456c4f75876e4de5c6be4,2026-07-25 11:55:08,2026-08-07 16:31:48,Swaraj KA,Swaraj,9656709327,9656709327,9656709327,,CALLBACK_SCHEDULED,META,,,,Akhila,akhila@groquik.com,7,GOLD_SCHEME_CUSTOMER_ADMIN,HIGH_INTENT,0,2026-08-07 16:31:48,2026-08-10 10:31:00,Call back customer,,,1585937296393412
6a64474ef75876e4de5c6bd4,2026-07-25 10:49:10,2026-08-11 12:23:39,Manoj Selvan,Self-Employed,9846325443,9846325443,9846325443,,FOLLOW_UP_PENDING,META,,,,Akhila,akhila@groquik.com,9,GOLD_SCHEME_CUSTOMER_ADMIN,HIGH_INTENT,2,2026-08-11 12:23:39,2026-08-11 19:30:00,Retry follow-up call,,,2050778219137921
6a62df7ef75876e4de5c6bb9,2026-07-24 09:13:58,2026-08-01 10:40:08,William Paul Winto,Onattuthottathil Jewellery,9544252418,9544252418,9544252418,,FOLLOW_UP_PENDING,META,,,,Akhila,akhila@groquik.com,7,GOLD_SCHEME_CUSTOMER_ADMIN,HIGH_INTENT,0,2026-08-01 10:40:07,2026-08-16 10:00:00,Nurture follow-up,,,2224957031611197
6a620c5bf75876e4de5c6ba9,2026-07-23 18:13:07,2026-08-11 11:58:18,Rinaf,,8574916916,8574916916,8574916916,,CONTACTED,MANUAL,,,,Akhila,akhila@groquik.com,3,GOLD_SCHEME_CUSTOMER_ADMIN,LOW_INTENT,0,2026-08-11 11:58:18,2026-08-25 10:00:00,Follow up later,,,
6a61b72bf75876e4de5c6b94,2026-07-23 12:09:39,2026-08-11 12:18:29,Dibin Ernakulam,,9020846431,9020846431,9020846431,,FOLLOW_UP_PENDING,MANUAL,,,,Akhila,akhila@groquik.com,8,GOLD_SCHEME_CUSTOMER_ADMIN,HIGH_INTENT; PRODUCT_MOCKUP_MEETING_REQUIRED,2,2026-08-11 12:18:29,2026-08-11 19:30:00,Retry follow-up call,,,
6a61b56d172835bb74d8596d,2026-07-23 12:02:13,2026-07-29 12:54:05,Noushad Ahamed,sngold,9446046249,9446046249,9446046249,,LOST,MANUAL,,,,Akhila,akhila@groquik.com,5,GOLD_SCHEME_CUSTOMER_ADMIN,,2,2026-07-29 12:54:05,,,NO_BUDGET,,
6a61b48a172835bb74d8595f,2026-07-23 11:58:26,2026-08-07 16:31:07,Afsal Niyas k,Daya builders,9048838542,9048838542,9048838542,,FOLLOW_UP_PENDING,MANUAL,,,,Akhila,akhila@groquik.com,6,GOLD_SCHEME_CUSTOMER_ADMIN,,3,2026-08-07 16:31:07,2026-08-08 10:00:00,Retry follow-up call,,,
